Tiêu đề,Giá,Diện tích,Địa điểm
QUỸ CĂN HIẾM TÒA HH1 HH2 ĐỘC QUYỀN XẢ TẾT - 0981 960 ***,Giá thỏa thuận,103 m²,"·
Hà Đông, Hà Nội"
"BÁN ĐẤT NỀN HOÀ LẠC - ĐH QUỐC GIA 100M2 FULL THỔ CƯ, MẶT TIỀN 8M, ĐƯỜNG TRƯỚC 20M, GIÁ 2,5 TỶ","2,5 tỷ",100 m²,"·
Quốc Oai, Hà Nội"
HỖ TRỢ KHÁCH HÀNG CHỌN NHÀ ƯNG Ý NHẤT || GIÁ TỐT| CHÍNH SÁCH CK CAO| CAM KẾT THUÊ LẠI 480TR| CK 22%,"4,09 tỷ",66 m²,"·
Nhà Bè, Hồ Chí Minh"
"CĐT MỞ BÁN BIỆT THỰ GĐ3 KĐT CIPUTRA CÓ THIẾT KẾ ĐẸP, SỔ ĐỎ LÂU DÀI, GIÁ BÁN VÀ CHÍNH SÁCH CỰC TỐT","52,5 tỷ",150 m²,"·
Tây Hồ, Hà Nội"
QUÁ ĐẲNG CẤP! SỞ HỮU VIEW TRIỆU ĐÔ TẠI MASTERI PARK PLACE CT5 - SINH LỜI BỀN VỮNG. GỌI 0902 999 ***,"5,89 tỷ",59 m²,"·
Quận 2, Hồ Chí Minh"
"GIÁ BÁN 2.2 TỶ CĂN HỘ 2PN MAISON GRAND PHÚ MỸ - CẢNG CÁI MÉP - THỊ VẢI, TT 50% NHẬN NHÀ QUÝ 2/2026","2,2 tỷ","58,24 m²","·
Phú Mỹ, Bà Rịa Vũng Tàu"
"GIỎ HÀNG THE ORIGAMI GIÁ SỐC GIẢM 30%, THANH TOÁN GIÃN 480 NGÀY, CƠ HỘI ĐẦU TƯ HOT, LH 0903 040 ***","3,3 tỷ",70 m²,"·
Quận 9, Hồ Chí Minh"
BÁN LÔ ĐẤT CẠNH KCN VẠN THƯƠNG 387HA TẠI PHƯỜNG TÂN HẢI (PHÚ MỸ) TPHCM- GIÁ RẺ NHẤT KHU VỰC!,"6,32 tỷ",1.437 m²,"·
Phú Mỹ, Bà Rịa Vũng Tàu"
TRỰC TIẾP CĐT BT CIPUTRA MỚI CÓ HẦM CẠNH CÔNG VIÊN HỒ 65HA ĐÃ CÓ SỔ - NHẬN NHÀ NGAY - VAY 0% 24 TH,"52,5 tỷ",140 m²,"·
Tây Hồ, Hà Nội"
"CHÍNH CHỦ CẮT LỖ ĐẤT ĐỒNG TRẠNG KHU DÂN CƯ HIỆN HỮU, ĐƯỜNG RỘNG, Ô TÔ VÀO TẬN ĐẤT","2,5 tỷ",100 m²,"·
Sơn Tây, Hà Nội"
"PHÂN TÍCH GIÁ, CSBH TỪNG CĂN HỘ ORI, BS, GH, BE, OPUS| QUỸ HÀNG NỘI BỘ 1PN 2TỶ4; 2PN 2TỶ9; 3PN 3TỶ7","2,95 tỷ",59 m²,"·
Quận 9, Hồ Chí Minh"
"DUY NHẤT CĂN 3PN FULL NỘI THẤT, 3.7 TỶ/81M2 - GIỎ HÀNG 2026- TRỪ TIỀN MẶT ĐẾN 2 TỶ- TT GIÃN KÝ CĐT","3,7 tỷ",81 m²,"·
Quận 9, Hồ Chí Minh"
"QUỸ HÀNG CẮT LỖ, MIỄN PHÍ MG, STUDIO - 3PN CÁC PHÂN KHU - TẠI VINHOMES OCEAN PARK 1","2,95 tỷ",43 m²,"·
Gia Lâm, Hà Nội"
LỖ HỔNG KINH TẾ CĂN XẺ KHE VINHOMES OCEAN PARK 3 MÀ GIÁ ĐẤT RẺ HƠN ĐẤT DÂN TIN ĐƯỢC KHÔNG?,"14,5 tỷ",98 m²,"·
Văn Giang, Hưng Yên"
HÀNG NGOẠI GIAO LIỀN KỀ VỊNH TIÊN SÁT BIỂN VÀ SÂN GOLF GIÁ HỜI,Giá thỏa thuận,75 m²,"·
Cần Giờ, Hồ Chí Minh"
CĂN HỘ CAO CẤP HANDICO COMPLEX 33 LÊ VĂN LƯƠNG,"7,3 tỷ",70 m²,"·
Thanh Xuân, Hà Nội"
BÁN CĂN 2PN VIEW CẦU TỨ LIÊN DỰ ÁN LUMIÈRE ESSENCE PEAK VINHOMES CỔ LOA CK LÊN TỚI 18%SỔ ĐỎ LÂU DÀI,"10,27 tỷ","60,4 m²","·
Đông Anh, Hà Nội"
"LUMIERE RIVERSIDE EM CHUYÊN SĂN NHỮNG CĂN GIÁ GỐC CẮT LỖ (52M2-8,5TỶ) (77M2-10,5 TỶ) (101M2-15TỶ)","8,5 tỷ",52 m²,"·
Quận 2, Hồ Chí Minh"
TỔNG HỢP QUỸ CĂN ĐẸP KĐT CIPUTRA GĐ3 - GIÁP CÔNG VIÊN 65 HA - QUỸ CĂN CỰC HIẾM - SỔ ĐỎ TRAO TAY,52 tỷ,150 m²,"·
Tây Hồ, Hà Nội"
"CHCC GREEN SKYLINE - TBS LAND CHÍNH THỨC MỞ BÁN ĐỢT 1, CHIẾT KHẤU CAO 18,5%, GIÁ TỪ 57,8TR/M2",Giá thỏa thuận,76 m²,"·
Dĩ An, Bình Dương"
